Time (s),Tasks #
20.0,1229
0.001,8015
18.0,5
40.0,990
289.0,162
373.0,256
332.0,195
81.0,4160
312.0,174
165.0,1067
144.0,1396
185.0,632
167.0,211
124.0,2825
61.0,2458
208.0,946
457.0,254
436.0,329
520.0,87
393.0,226
497.0,137
416.0,439
353.0,175
477.0,155
561.0,10
832.0,3
540.0,21
581.0,11
269.0,288
228.0,719
206.0,16
248.0,453
187.0,320
271.0,89
128.0,68
287.0,20
212.0,153
169.0,72
191.0,69
189.0,80
106.0,389
351.0,33
126.0,252
171.0,47
83.0,942
148.0,97
234.0,22
85.0,211
232.0,40
308.0,24
328.0,11
267.0,17
397.0,80
432.0,20
391.0,35
371.0,18
146.0,212
412.0,30
375.0,90
63.0,955
246.0,12
273.0,14
110.0,57
155.0,42
108.0,73
291.0,127
104.0,4560
330.0,31
293.0,15
314.0,8
91.0,39
132.0,28
112.0,38
334.0,12
134.0,12
87.0,77
255.0,30
102.0,79
275.0,34
277.0,12
661.0,15
406.0,13
704.0,6
297.0,9
424.0,51
361.0,9
683.0,13
404.0,33
667.0,12
340.0,3
383.0,13
620.0,9
363.0,6
663.0,8
600.0,12
385.0,4
426.0,10
642.0,7
318.0,17
577.0,12
538.0,13
597.0,12
214.0,11
640.0,12
516.0,48
557.0,15
495.0,109
446.0,25
744.0,12
579.0,6
706.0,7
785.0,16
765.0,10
257.0,4
742.0,11
763.0,7
681.0,13
395.0,229
310.0,20
22.0,93
59.0,2
42.0,175
377.0,41
355.0,48
420.0,24
357.0,22
606.0,5
624.0,9
67.0,179
418.0,62
379.0,24
438.0,43
46.0,77
359.0,10
336.0,6
440.0,22
422.0,27
479.0,93
130.0,29
687.0,12
500.0,120
65.0,269
400.0,33
402.0,25
442.0,16
444.0,35
381.0,17
689.0,5
461.0,27
467.0,45
469.0,23
1059.0,4
767.0,3
463.0,23
1342.0,2
526.0,17
565.0,11
524.0,31
1187.0,2
502.0,69
669.0,4
475.0,120
451.0,6
1116.0,1
1314.0,1
493.0,28
553.0,21
567.0,8
236.0,8
989.0,2
1159.0,1
1479.0,1
583.0,6
138.0,11
465.0,14
873.0,2
518.0,51
824.0,4
718.0,4
508.0,36
1430.0,4
1369.0,1
1363.0,1
1251.0,1
1018.0,8
244.0,5
569.0,9
651.0,5
522.0,40
546.0,9
610.0,10
1408.0,1
471.0,14
691.0,3
481.0,74
853.0,2
434.0,17
575.0,6
1173.0,2
1057.0,1
844.0,1
512.0,29
979.0,3
1083.0,5
44.0,57
859.0,1
918.0,2
542.0,12
1112.0,1
1014.0,4
1000.0,10
573.0,8
1100.0,1
757.0,2
544.0,8
1414.0,1
810.0,3
548.0,12
804.0,2
1230.0,2
787.0,7
814.0,2
1481.0,2
920.0,2
1459.0,1
1191.0,3
685.0,9
1163.0,2
997.0,8
1042.0,2
504.0,80
1283.0,5
555.0,8
585.0,5
646.0,5
563.0,13
95.0,14
1346.0,2
1336.0,1
1495.0,1
953.0,2
883.0,1
1175.0,2
761.0,1
483.0,67
1051.0,2
806.0,11
410.0,8
1371.0,1
632.0,5
485.0,28
448.0,10
932.0,3
338.0,7
316.0,9
459.0,62
122.0,6
69.0,106
48.0,19
2961.0,1
969.0,2
2765.0,1
730.0,1
571.0,8
510.0,72
2706.0,1
2255.0,2
2761.0,1
1708.0,2
2463.0,1
1787.0,2
2620.0,1
2051.0,1
2589.0,3
1826.0,1
261.0,9
614.0,11
1508.0,2
675.0,9
2269.0,1
773.0,2
2185.0,1
1118.0,1
253.0,21
2591.0,1
1426.0,4
230.0,76
2102.0,1
2667.0,1
1944.0,1
365.0,6
1916.0,1
1093.0,1
181.0,14
995.0,4
1140.0,3
2432.0,1
238.0,9
2824.0,1
910.0,2
120.0,7
2324.0,1
2534.0,1
2716.0,1
285.0,5
1365.0,1
2924.0,2
587.0,8
1912.0,1
1181.0,2
673.0,5
2683.0,1
2206.0,1
677.0,5
2048.0,1
2318.0,1
1726.0,1
2816.0,1
1530.0,2
1071.0,3
2479.0,1
2624.0,1
618.0,8
1367.0,1
2626.0,1
2600.0,1
671.0,5
175.0,32
1500.0,1
1759.0,2
679.0,8
1165.0,1
2236.0,1
2618.0,1
1436.0,1
1334.0,1
1330.0,1
2818.0,1
2420.0,1
2665.0,1
1471.0,3
1800.0,1
2165.0,1
2100.0,1
2467.0,1
636.0,10
1812.0,1
89.0,42
2106.0,1
2714.0,1
1236.0,1
2210.0,1
2608.0,1
1183.0,2
2959.0,1
491.0,34
2822.0,1
2708.0,1
414.0,8
748.0,2
79.0,4
38.0,3
183.0,8
193.0,11
210.0,62
195.0,13
802.0,3
408.0,3
322.0,11
430.0,12
387.0,3
779.0,2
367.0,7
346.0,4
153.0,47
151.0,59
2273.0,1
848.0,6
2377.0,1
2297.0,1
828.0,6
712.0,2
2440.0,1
1661.0,2
2173.0,1
720.0,3
1275.0,1
2295.0,1
1020.0,6
1520.0,1
734.0,3
1375.0,1
2604.0,1
1487.0,3
1904.0,2
1126.0,2
2336.0,1
863.0,1
736.0,2
1344.0,2
830.0,4
2483.0,1
916.0,2
1446.0,4
781.0,1
800.0,1
912.0,2
2359.0,1
1675.0,1
1065.0,2
344.0,2
453.0,35
532.0,21
455.0,40
506.0,36
487.0,81
595.0,12
602.0,8
746.0,3
220.0,20
240.0,11
177.0,19
216.0,11
218.0,14
389.0,4
251.0,87
593.0,10
259.0,14
887.0,5
263.0,9
889.0,3
971.0,5
951.0,3
302.0,9
616.0,11
724.0,11
867.0,4
869.0,1
891.0,4
993.0,2
281.0,6
279.0,7
1575.0,1
1514.0,2
326.0,9
1002.0,3
342.0,1
1534.0,1
1106.0,3
1022.0,1
977.0,7
1700.0,1
1410.0,1
1061.0,2
1659.0,1
1618.0,1
1493.0,3
1306.0,1
306.0,11
1555.0,2
1063.0,5
1491.0,2
1571.0,3
222.0,16
955.0,6
1448.0,1
1593.0,1
1551.0,1
1634.0,1
1632.0,2
1673.0,1
1489.0,1
295.0,7
659.0,7
304.0,6
324.0,5
638.0,4
722.0,24
1218.0,1
1538.0,1
1600.0,2
1475.0,1
657.0,4
489.0,49
369.0,8
283.0,7
530.0,25
1528.0,1
1385.0,1
1261.0,1
1510.0,1
1497.0,1
1548.0,1
536.0,14
428.0,3
1124.0,2
648.0,6
818.0,1
1212.0,1
1067.0,2
628.0,4
226.0,14
300.0,3
702.0,15
783.0,4
826.0,10
1040.0,4
934.0,2
2238.0,1
1169.0,1
1804.0,1
2177.0,1
936.0,2
2279.0,2
2383.0,1
2134.0,1
2404.0,1
2175.0,1
1969.0,1
851.0,4
2334.0,1
2444.0,1
893.0,4
1742.0,1
808.0,2
1402.0,1
975.0,4
348.0,5
551.0,6
157.0,47
710.0,4
71.0,53
118.0,7
846.0,5
644.0,2
622.0,9
159.0,38
179.0,28
163.0,16
142.0,8
173.0,35
24.0,47
197.0,17
161.0,23
473.0,23
224.0,10
202.0,11
136.0,20
140.0,8
928.0,5
204.0,9
200.0,8
1177.0,1
1055.0,1
1032.0,2
1302.0,3
1240.0,2
1075.0,2
1242.0,1
1012.0,1
1220.0,2
26.0,2
73.0,16
634.0,5
604.0,7
1136.0,1
1228.0,1
1095.0,1
1073.0,1
320.0,4
1269.0,1
1291.0,2
1034.0,1
1322.0,1
77.0,4
100.0,4
75.0,9
626.0,7
559.0,9
528.0,20
265.0,6
242.0,10
697.0,3
630.0,6
591.0,5
589.0,6
693.0,7
700.0,3
612.0,9
514.0,33
655.0,3
608.0,6
534.0,4
53.0,3
51.0,6
708.0,4
653.0,3
665.0,5
716.0,6
695.0,3
714.0,5
789.0,2
1210.0,1
940.0,1
948.0,2
1104.0,1
895.0,5
1026.0,2
728.0,1
812.0,2
1006.0,1
116.0,8
93.0,8
97.0,10
114.0,17
55.0,2
1122.0,2
957.0,1
1081.0,2
738.0,2
1069.0,1
924.0,2
973.0,3
930.0,1
1234.0,1
791.0,1
1038.0,2
1046.0,2
1340.0,1
1200.0,1
1144.0,1
991.0,2
1214.0,1
1102.0,1
1226.0,1
1130.0,2
777.0,2
759.0,1
771.0,3
795.0,1
755.0,1
961.0,2
732.0,2
726.0,1
740.0,1
875.0,1
1867.0,1
1783.0,1
1720.0,1
1516.0,1
1179.0,1
1202.0,1
1204.0,1
1681.0,1
1257.0,1
981.0,1
900.0,1
1004.0,2
1577.0,1
840.0,1
938.0,1
877.0,1
1885.0,1
1469.0,1
965.0,1
1089.0,1
1889.0,1
838.0,1
1920.0,1
834.0,1
2016.0,1
1879.0,1
871.0,1
897.0,1
1663.0,1
1377.0,1
1734.0,1
1512.0,1
2128.0,1
1028.0,1
1259.0,1
2024.0,1
987.0,1
1906.0,1
942.0,1
1197.0,1
1238.0,1
1785.0,1
1981.0,1
